{   
    "注释":[
        "不要缺命名空间",
        "首先对 Identifier 进行转换",
        "然后 IdentifierAndState 通过正则表达式Key匹配特殊方块",
        "最后对普通方块进行 State 查找替换"
    ],
    "Identifier": {
        "minecraft:acacia_sign": {"name":"minecraft:acacia_standing_sign"},
        "minecraft:acacia_wall_hanging_sign": {"name":"minecraft:acacia_hanging_sign"},
        "minecraft:bamboo_sign": {"name":"minecraft:bamboo_standing_sign"},
        "minecraft:bamboo_wall_hanging_sign": {"name":"minecraft:bamboo_hanging_sign"},
        "minecraft:cherry_sign": {"name":"minecraft:cherry_standing_sign"},
        "minecraft:cherry_wall_hanging_sign": {"name":"minecraft:cherry_hanging_sign"},
        "minecraft:crimson_wall_hanging_sign": {"name":"minecraft:crimson_hanging_sign"},
        "minecraft:dark_oak_wall_hanging_sign": {"name":"minecraft:dark_oak_hanging_sign"},
        "minecraft:jungle_wall_hanging_sign": {"name":"minecraft:jungle_hanging_sign"},
        "minecraft:mangrove_wall_hanging_sign": {"name":"minecraft:mangrove_hanging_sign"},
        "minecraft:oak_wall_hanging_sign": {"name":"minecraft:oak_hanging_sign"},
        "minecraft:pale_oak_sign": {"name":"minecraft:pale_oak_standing_sign"},
        "minecraft:pale_oak_wall_hanging_sign": {"name":"minecraft:pale_oak_hanging_sign"},
        "minecraft:spruce_wall_hanging_sign": {"name":"minecraft:spruce_hanging_sign"},
        "minecraft:warped_wall_hanging_sign": {"name":"minecraft:warped_hanging_sign"},
        "minecraft:attached_melon_stem": {"name": "minecraft:melon_stem"},
        "minecraft:attached_pumpkin_stem": {"name": "minecraft:pumpkin_stem"},
        "minecraft:beetroots": {"name": "minecraft:beetroot"},
        "minecraft:big_dripleaf_stem": {"name": "minecraft:big_dripleaf"},
        "minecraft:birch_sign": {"name": "minecraft:birch_standing_sign"},
        "minecraft:black_banner": {"name": "minecraft:standing_banner"},
        "minecraft:black_bed": {"name": "minecraft:bed"},
        "minecraft:black_wall_banner": {"name": "minecraft:wall_banner"},
        "minecraft:blue_banner": {"name": "minecraft:standing_banner"},
        "minecraft:blue_bed": {"name": "minecraft:bed"},
        "minecraft:blue_wall_banner": {"name": "minecraft:wall_banner"},
        "minecraft:bricks": {"name": "minecraft:brick_block"},
        "minecraft:brown_banner": {"name": "minecraft:standing_banner"},
        "minecraft:brown_bed": {"name": "minecraft:bed"},
        "minecraft:brown_wall_banner": {"name": "minecraft:wall_banner"},
        "minecraft:cave_air": {"name": "minecraft:air"},
        "minecraft:cave_vines_plant": {"name": "minecraft:cave_vines_body_with_berries"},
        "minecraft:cobblestone_stairs": {"name": "minecraft:stone_stairs"},
        "minecraft:cobweb": {"name": "minecraft:web"},
        "minecraft:comparator": {"name": "minecraft:powered_comparator"},
        "minecraft:creeper_wall_head": {"name": "minecraft:skull"},
        "minecraft:crimson_sign": {"name": "minecraft:crimson_standing_sign"},
        "minecraft:cyan_banner": {"name": "minecraft:standing_banner"},
        "minecraft:cyan_bed": {"name": "minecraft:bed"},
        "minecraft:cyan_wall_banner": {"name": "minecraft:wall_banner"},
        "minecraft:dark_oak_sign": {"name": "minecraft:darkoak_standing_sign"},
        "minecraft:dark_oak_wall_sign": {"name": "minecraft:darkoak_wall_sign"},
        "minecraft:dead_bush": {"name": "minecraft:deadbush"},
        "minecraft:dirt_path": {"name": "minecraft:grass_path"},
        "minecraft:dragon_wall_head": {"name": "minecraft:skull"},
        "minecraft:end_gateway": {"name": "minecraft:end_gateway"},
        "minecraft:end_stone_brick_stairs": {"name": "minecraft:end_brick_stairs"},
        "minecraft:end_stone_bricks": {"name": "minecraft:end_bricks"},
        "minecraft:flowering_azalea_leaves": {"name": "minecraft:azalea_leaves_flowered"},
        "minecraft:frogspawn": {"name": "minecraft:frog_spawn"},
        "minecraft:grass": {"name": "minecraft:short_grass"},
        "minecraft:gray_banner": {"name": "minecraft:standing_banner"},
        "minecraft:gray_bed": {"name": "minecraft:bed"},
        "minecraft:gray_wall_banner": {"name": "minecraft:wall_banner"},
        "minecraft:green_banner": {"name": "minecraft:standing_banner"},
        "minecraft:green_bed": {"name": "minecraft:bed"},
        "minecraft:green_wall_banner": {"name": "minecraft:wall_banner"},
        "minecraft:jack_o_lantern": {"name": "minecraft:lit_pumpkin"},
        "minecraft:jungle_sign": {"name": "minecraft:jungle_standing_sign"},
        "minecraft:kelp_plant": {"name": "minecraft:kelp"},
        "minecraft:lava_cauldron": {"name": "minecraft:cauldron"},
        "minecraft:light": {"name": "minecraft:light_block"},
        "minecraft:light_blue_banner": {"name": "minecraft:standing_banner"},
        "minecraft:light_blue_bed": {"name": "minecraft:bed"},
        "minecraft:light_blue_wall_banner": {"name": "minecraft:wall_banner"},
        "minecraft:light_gray_banner": {"name": "minecraft:standing_banner"},
        "minecraft:light_gray_bed": {"name": "minecraft:bed"},
        "minecraft:light_gray_glazed_terracotta": {"name": "minecraft:silver_glazed_terracotta"},
        "minecraft:light_gray_wall_banner": {"name": "minecraft:wall_banner"},
        "minecraft:lily_pad": {"name": "minecraft:waterlily"},
        "minecraft:lime_banner": {"name": "minecraft:standing_banner"},
        "minecraft:lime_bed": {"name": "minecraft:bed"},
        "minecraft:lime_wall_banner": {"name": "minecraft:wall_banner"},
        "minecraft:magenta_banner": {"name": "minecraft:standing_banner"},
        "minecraft:magenta_bed": {"name": "minecraft:bed"},
        "minecraft:magenta_wall_banner": {"name": "minecraft:wall_banner"},
        "minecraft:magma_block": {"name": "minecraft:magma"},
        "minecraft:mangrove_sign": {"name": "minecraft:mangrove_standing_sign"},
        "minecraft:melon": {"name": "minecraft:melon_block"},
        "minecraft:moving_piston": {"name": "minecraft:air"},
        "minecraft:nether_bricks": {"name": "minecraft:nether_brick"},
        "minecraft:nether_portal": {"name": "minecraft:portal"},
        "minecraft:nether_quartz_ore": {"name": "minecraft:quartz_ore"},
        "minecraft:note_block": {"name": "minecraft:noteblock"},
        "minecraft:oak_button": {"name": "minecraft:wooden_button"},
        "minecraft:oak_door": {"name": "minecraft:wooden_door"},
        "minecraft:oak_fence_gate": {"name": "minecraft:fence_gate"},
        "minecraft:oak_pressure_plate": {"name": "minecraft:wooden_pressure_plate"},
        "minecraft:oak_sign": {"name": "minecraft:standing_sign"},
        "minecraft:oak_trapdoor": {"name": "minecraft:trapdoor"},
        "minecraft:oak_wall_sign": {"name": "minecraft:wall_sign"},
        "minecraft:orange_banner": {"name": "minecraft:standing_banner"},
        "minecraft:orange_bed": {"name": "minecraft:bed"},
        "minecraft:orange_wall_banner": {"name": "minecraft:wall_banner"},
        "minecraft:pink_banner": {"name": "minecraft:standing_banner"},
        "minecraft:pink_bed": {"name": "minecraft:bed"},
        "minecraft:pink_wall_banner": {"name": "minecraft:wall_banner"},
        "minecraft:piston_head": {"name": "minecraft:piston_arm_collision"},
        "minecraft:player_wall_head": {"name": "minecraft:skull"},
        "minecraft:potted_acacia_sapling": {"name": "minecraft:flower_pot"},
        "minecraft:potted_allium": {"name": "minecraft:flower_pot"},
        "minecraft:potted_azalea_bush": {"name": "minecraft:flower_pot"},
        "minecraft:potted_azure_bluet": {"name": "minecraft:flower_pot"},
        "minecraft:potted_bamboo": {"name": "minecraft:flower_pot"},
        "minecraft:potted_birch_sapling": {"name": "minecraft:flower_pot"},
        "minecraft:potted_blue_orchid": {"name": "minecraft:flower_pot"},
        "minecraft:potted_brown_mushroom": {"name": "minecraft:flower_pot"},
        "minecraft:potted_cactus": {"name": "minecraft:flower_pot"},
        "minecraft:potted_cornflower": {"name": "minecraft:flower_pot"},
        "minecraft:potted_crimson_fungus": {"name": "minecraft:flower_pot"},
        "minecraft:potted_crimson_roots": {"name": "minecraft:flower_pot"},
        "minecraft:potted_dandelion": {"name": "minecraft:flower_pot"},
        "minecraft:potted_dark_oak_sapling": {"name": "minecraft:flower_pot"},
        "minecraft:potted_dead_bush": {"name": "minecraft:flower_pot"},
        "minecraft:potted_fern": {"name": "minecraft:flower_pot"},
        "minecraft:potted_flowering_azalea_bush": {"name": "minecraft:flower_pot"},
        "minecraft:potted_jungle_sapling": {"name": "minecraft:flower_pot"},
        "minecraft:potted_lily_of_the_valley": {"name": "minecraft:flower_pot"},
        "minecraft:potted_mangrove_propagule": {"name": "minecraft:flower_pot"},
        "minecraft:potted_oak_sapling": {"name": "minecraft:flower_pot"},
        "minecraft:potted_orange_tulip": {"name": "minecraft:flower_pot"},
        "minecraft:potted_oxeye_daisy": {"name": "minecraft:flower_pot"},
        "minecraft:potted_pink_tulip": {"name": "minecraft:flower_pot"},
        "minecraft:potted_poppy": {"name": "minecraft:flower_pot"},
        "minecraft:potted_red_mushroom": {"name": "minecraft:flower_pot"},
        "minecraft:potted_red_tulip": {"name": "minecraft:flower_pot"},
        "minecraft:potted_spruce_sapling": {"name": "minecraft:flower_pot"},
        "minecraft:potted_warped_fungus": {"name": "minecraft:flower_pot"},
        "minecraft:potted_warped_roots": {"name": "minecraft:flower_pot"},
        "minecraft:potted_white_tulip": {"name": "minecraft:flower_pot"},
        "minecraft:potted_wither_rose": {"name": "minecraft:flower_pot"},
        "minecraft:potted_cherry_sapling": {"name": "minecraft:flower_pot"},
        "minecraft:potted_closed_eyeblossom": {"name": "minecraft:flower_pot"},
        "minecraft:potted_open_eyeblossom": {"name": "minecraft:flower_pot"},
        "minecraft:potted_pale_oak_sapling": {"name": "minecraft:flower_pot"},
        "minecraft:potted_torchflower": {"name": "minecraft:flower_pot"},
        "minecraft:powder_snow_cauldron": {"name": "minecraft:cauldron"},
        "minecraft:powered_rail": {"name": "minecraft:golden_rail"},
        "minecraft:prismarine_brick_stairs": {"name": "minecraft:prismarine_bricks_stairs"},
        "minecraft:purple_banner": {"name": "minecraft:standing_banner"},
        "minecraft:purple_bed": {"name": "minecraft:bed"},
        "minecraft:purple_wall_banner": {"name": "minecraft:wall_banner"},
        "minecraft:red_banner": {"name": "minecraft:standing_banner"},
        "minecraft:red_bed": {"name": "minecraft:bed"},
        "minecraft:red_nether_bricks": {"name": "minecraft:red_nether_brick"},
        "minecraft:red_wall_banner": {"name": "minecraft:wall_banner"},
        "minecraft:redstone_wall_torch": {"name": "minecraft:redstone_torch"},
        "minecraft:repeater": {"name": "minecraft:powered_repeater"},
        "minecraft:rooted_dirt": {"name": "minecraft:dirt_with_roots"},
        "minecraft:shulker_box": {"name": "minecraft:undyed_shulker_box"},
        "minecraft:skeleton_wall_skull": {"name": "minecraft:skull"},
        "minecraft:slime_block": {"name": "minecraft:slime"},
        "minecraft:small_dripleaf": {"name": "minecraft:small_dripleaf_block"},
        "minecraft:snow_block": {"name": "minecraft:snow"},
        "minecraft:soul_wall_torch": {"name": "minecraft:soul_torch"},
        "minecraft:spawner": {"name": "minecraft:mob_spawner"},
        "minecraft:spruce_sign": {"name": "minecraft:spruce_standing_sign"},
        "minecraft:stone_slab": {"name": "minecraft:stone_slab4"},
        "minecraft:stonecutter": {"name": "minecraft:stonecutter_block"},
        "minecraft:sugar_cane": {"name": "minecraft:reeds"},
        "minecraft:tall_seagrass": {"name": "minecraft:seagrass"},
        "minecraft:terracotta": {"name": "minecraft:hardened_clay"},
        "minecraft:tripwire": {"name": "minecraft:trip_wire"},
        "minecraft:twisting_vines_plant": {"name": "minecraft:twisting_vines"},
        "minecraft:void_air": {"name": "minecraft:air"},
        "minecraft:wall_torch": {"name": "minecraft:torch"},
        "minecraft:warped_sign": {"name": "minecraft:warped_standing_sign"},
        "minecraft:water_cauldron": {"name": "minecraft:cauldron"},
        "minecraft:waxed_copper_block": {"name": "minecraft:waxed_copper"},
        "minecraft:weeping_vines_plant": {"name": "minecraft:weeping_vines"},
        "minecraft:white_banner": {"name": "minecraft:standing_banner"},
        "minecraft:white_bed": {"name": "minecraft:bed"},
        "minecraft:white_wall_banner": {"name": "minecraft:wall_banner"},
        "minecraft:wither_skeleton_wall_skull": {"name": "minecraft:skull"},
        "minecraft:yellow_banner": {"name": "minecraft:standing_banner"},
        "minecraft:yellow_bed": {"name": "minecraft:bed"},
        "minecraft:yellow_wall_banner": {"name": "minecraft:wall_banner"},
        "minecraft:zombie_wall_head": {"name": "minecraft:skull"},
        "minecraft:piglin_wall_head": {"name": "minecraft:skull"}
    },
    "IdentifierAndState":{
        "_button$":{
            "face": {"BEstate":"facing_direction", "floor":0, "ceiling":1, "wall":2},
            "facing": {"BEstate":"facing_direction", "north":2, "south":3, "west":4, "east":5}
        },
        "_slab$":{
            "type": {"BEstate":"top_slot_bit", "bottom":false, "top":true, "double":"Function(replaceID)"}
        },
        "_wall_hanging_sign$":{
            "facing": {"BEstate":"facing_direction", "north":2, "south":3, "west":4, "east":5}
        },
        "(activator_rail|detector_rail|golden_rail)$":{
            "shape":{"BEstate":"rail_direction", "north_south":0, "east_west":1, "ascending_east":2,
                "ascending_west":3, "ascending_north":4, "ascending_south":5}
        },
        "bamboo$":{
            "age": {"BEstate":"bamboo_stalk_thickness", "0":"thin", "1":"thick"},
            "leaves": {"BEstate":"bamboo_leaf_size", "none":"no_leaves", "small":"small_leaves", "large":"large_leaves"}
        },
        "comparator$":{
            "mode": {"BEstate":"output_subtract_bit", "compare":false, "subtract":true}
        },
        "rail$":{
            "shape":{"BEstate":"rail_direction", "north_south":0, "east_west":1, "ascending_east":2, "ascending_west":3, 
            "ascending_north":4, "ascending_south":5, "south_east":6, "south_west":7, "north_west":8, "north_east":9}
        },
        "_wall$":{
            "east": {"BEstate":"wall_connection_type_east", "none":"none", "low":"short", "tall":"tall"},
            "north": {"BEstate":"wall_connection_type_north", "none":"none", "low":"short", "tall":"tall"},
            "south": {"BEstate":"wall_connection_type_south", "none":"none", "low":"short", "tall":"tall"},
            "west": {"BEstate":"wall_connection_type_west", "none":"none", "low":"short", "tall":"tall"},
            "up": {"BEstate":"wall_post_bit", "true":true, "false":false}
        },
        "_door$":{
            "facing": {"BEstate":"direction", "south":1, "west":2, "north":3, "east":0}
        },
        "_trapdoor$":{
            "facing": {"BEstate":"direction", "south":2, "west":1, "north":3, "east":0}
        },
        "tall_seagrass$":{
            "half": {"BEstate":"sea_grass_type", "lower":"double_bot", "upper":"double_top"}
        },
        "lever$":{
            "facing": {"BEstate":"lever_direction", "north":"north", "south":"south", "west":"west", "east":"east"},
            "face": {"BEstate":"lever_direction", "floor":"up_east_west", "ceiling":"down_east_west"}
        }
    },
    "State":{
        "hinge": {"door_hinge_bit": null},
        "open": {"open_bit": null},
        "in_wall": {"in_wall_bit": null},
        "attached": {"attached_bit": null},
        "disarmed": {"disarmed_bit": null},
        "rotation": {"ground_sign_direction": null},
        "persistent": {"persistent_bit": null},
        "axis": {"pillar_axis": null, "portal_axis":null},
        "honey_level": {"honey_level": null},
        "occupied": {"occupied_bit": null},
        "orientation": {"orientation": null},
        "lit": {"lit": null, "extinguished": null},
        "has_bottle_0": {"brewing_stand_slot_a_bit": null},
        "has_bottle_1": {"brewing_stand_slot_b_bit": null},
        "has_bottle_2": {"brewing_stand_slot_c_bit": null},
        "drag": {"drag_down": null},
        "bites":{"bite_counter": null},
        "conditional":{"conditional_bit": null},
        "natural":{"natural": null},
        "hydration":{"rehydration_level": null},
        "eye":{"end_portal_eye_bit": null},
        "moisture":{"moisturized_amount": null},
        "enabled":{"toggle_bit": null},
        "hanging":{"hanging": null},
        "tip":{"tip": null},
        "charges":{"respawn_anchor_charge": null},
        "distance":{"stability": null},
        "bloom":{"bloom": null},
        "can_summon":{"can_summon": null},
        "shrieking":{"active": null},
        "ominous":{"ominous": null},
        "candles": {"candles": {"1":0, "2":1, "3":2, "4":3}},
        "segment_amount": {"growth": {"1":0, "2":1, "3":2, "4":3}},
        "flower_amount": {"growth": {"1":0, "2":1, "3":2, "4":3}},
        "delay": {"repeater_delay": {"1":0, "2":1, "3":2, "4":3}},
        "pickles": {"cluster_count": {"1":0, "2":1, "3":2, "4":3}},
        "eggs": {"cluster_count": {"1":"one_egg", "2":"two_egg", "3":"three_egg", "4":"four_egg"}},
        "layers": {"height": {"1":0, "2":1, "3":2, "4":3, "5":4, "6":5, "7":6, "8":7}},
        "sculk_sensor_phase": {"sculk_sensor_phase": {"inactive":0, "active":1, "cooldown":2}},
        "part": {"head_piece_bit": {"head": true, "foot":false}},
        "vertical_direction": {"hanging": {"up": true, "down":false}},
        "bottom": {"stability_check": {"true":false, "false":true}},
        "thickness":{"dripstone_thickness": {"tip_merge":"merge", "tip":"tip", "frustum":"frustum", "middle":"middle", "base":"base"}},
        "attachment": {"attachment": {"floor":"standing", "ceiling":"hanging", "single_wall":"side", "double_wall":"multiple"}},
        "tilt": {"big_dripleaf_tilt": {"none":"none", "unstable":"unstable", "partial":"partial_tilt", "full":"full_tilt"}},
        "half": {
            "upper_block_bit": {"upper":true, "lower":false},
            "upside_down_bit": {"bottom":false, "top":true}
        },
        "facing": {
            "direction":{"south":0, "west":1, "north":2, "east":3},
            "weirdo_direction": {"north":3, "south":2, "west":1, "east":0},
            "facing_direction": {"north":2, "south":3, "west":4, "east":5, "up":1, "down":0},
            "coral_direction": {"north":2, "south":3, "west":4, "east":5, "up":1, "down":0}
        },
        "stage": {
            "age_bit": {"0":false, "1":true},
            "propagule_stage":null
        },
        "powered": {
            "button_pressed_bit": null,
            "rail_data_bit": null,
            "output_lit_bit": null,
            "powered_bit": null
        },
        "age": {
            "growth":null,
            "age":null,
            "growing_plant_age":null,
            "kelp_age":null,
            "weeping_vines_age":null,
            "twisting_vines_age":null
        },
        "level":{
            "block_light_level": null,
            "composter_fill_level":null,
            "liquid_depth":null
        }
    },
    "Special":{
        "minecraft:vine":{"BEstate":"vine_direction_bits", "Operation":"OR", "north":1, "east":2, "south":4, "west":8},
        "minecraft:resin_clump":{"BEstate":"multi_face_direction_bits", "Operation":"OR", "down":1, "up":2, "north":4, "south":8, "west":16, "east":32},
        "minecraft:sculk_vein":{"BEstate":"multi_face_direction_bits", "Operation":"OR", "down":1, "up":2, "north":4, "south":8, "west":16, "east":32},
        "minecraft:glow_lichen":{"BEstate":"multi_face_direction_bits", "Operation":"OR", "down":1, "up":2, "north":4, "south":8, "west":16, "east":32}
    }
}